product_name,brand,source,url,price,rating,product_type,hazard_score,date_published,ingredients
"The Ordinary ""B"" Oil",The Ordinary,INCIDecoder,https://www.incidecoder.com/products/the-ordinary-b-oil,,,,,,Caprylic/​Capric Triglyceride; Squalane; Crambe Abyssinica Seed Oil; Bisabolol; Simmondsia Chinensis Seed Oil; Ethylhexyl Stearate; Isochrysis Galbana Extract; Adansonia Digitata Seed Oil; Argania Spinosa Kernel Oil; Borago Officinalis Seed Oil; Rosa Canina Seed Oil; Sclerocarya Birrea Seed Oil; Oenocarpus Bataua Fruit Oil; Plukenetia Volubilis Seed Oil; Bertholletia Excelsa Seed Oil; Solanum Lycopersicum (Tomato) Fruit Extract; Hydroxymethoxyphenyl Decanone; Rosmarinus Officinalis (Rosemary) Leaf Extract; Tocopherol; Argania Spinosa Kernel Oil; Plukenetia Volubilis Seed Oil; Solanum Lycopersicum (Tomato) Fruit Extract; Hydroxymethoxyphenyl Decanone; Rosmarinus Officinalis (Rosemary) Leaf Extract; Tocopherol; Squalane; Bisabolol; Borago Officinalis Seed Oil; Hydroxymethoxyphenyl Decanone; Rosmarinus Officinalis (Rosemary) Leaf Extract; Rosmarinus Officinalis (Rosemary) Leaf Extract; Caprylic/​Capric Triglyceride; Squalane; Crambe Abyssinica Seed Oil; Simmondsia Chinensis Seed Oil; Ethylhexyl Stearate; Adansonia Digitata Seed Oil; Argania Spinosa Kernel Oil; Borago Officinalis Seed Oil; Rosa Canina Seed Oil; Sclerocarya Birrea Seed Oil; Oenocarpus Bataua Fruit Oil; Plukenetia Volubilis Seed Oil; Bertholletia Excelsa Seed Oil; Oenocarpus Bataua Fruit Oil; Plukenetia Volubilis Seed Oil; Caprylic/Capric Triglyceride; Squalane; Crambe Abyssinica Seed Oil; Bisabolol
"Pyunkang Yul ACNE, Facial Cleanser",Pyunkang Yul,INCIDecoder,https://www.incidecoder.com/products/pyunkang-yul-pyunkang-yul-acne-facial-cleanser,,,,,,Water; Cocamidopropyl Betaine; Sodium Methyl Oleoyl Taurate; PEG-75; Acrylates Copolymer; Glycerin; Disodium Cocoamphodipropionate; PEG-120 Methyl Glucose Dioleate; Dimethyl Sulfone; Pyridoxine Hcl; Salix Alba (Willow) Bark Extract; Forsythia Suspensa Fruit Extract; Butylene Glycol; Centella Asiatica Extract; Polygonum Cuspidatum Root Extract; Scutellaria Baicalensis Root Extract; Camellia Sinensis Leaf Extract; Glycyrrhiza Uralensis (Licorice) Root Extract; Chamomilla Recutita (Matricaria) Flower Extract; Rosmarinus Officinalis (Rosemary) Leaf Extract; Sodium Chloride; Copper Tripeptide-1; Allantoin; Citric Acid; Potassium Hydroxide; Sodium Benzoate; Phenoxyethanol; Disodium EDTA; Forsythia Suspensa Fruit Extract; Centella Asiatica Extract; Polygonum Cuspidatum Root Extract; Scutellaria Baicalensis Root Extract; Camellia Sinensis Leaf Extract; Chamomilla Recutita (Matricaria) Flower Extract; Rosmarinus Officinalis (Rosemary) Leaf Extract; Copper Tripeptide-1; Copper Tripeptide-1; Glycerin; Salix Alba (Willow) Bark Extract; Centella Asiatica Extract; Scutellaria Baicalensis Root Extract; Camellia Sinensis Leaf Extract; Chamomilla Recutita (Matricaria) Flower Extract; Rosmarinus Officinalis (Rosemary) Leaf Extract; Copper Tripeptide-1; Allantoin; Scutellaria Baicalensis Root Extract; Rosmarinus Officinalis (Rosemary) Leaf Extract; Citric Acid; Potassium Hydroxide
Neogen White Truffle Laycure Oil Stick,Neogen,INCIDecoder,https://www.incidecoder.com/products/neogen-white-truffle-laycure-oil-stick,,,,,,"Olea Europaea (Olive) Fruit Oil; Octyldodecanol; Dibutyl Lauroyl Glutamide; Dibutyl Ethylhexanoyl Glutamide; Bisabolol; Hippophae Rhamnoides Oil; Pelargonium Graveolens Flower Oil; Mentha Piperita (Peppermint) Oil; Rose Flower Oil; Citrus Aurantium Dulcis (Orange) Oil; Citrus Aurantium Bergamia (Bergamot) Fruit Oil; Chamomilla Recutita (Matricaria) Flower Oil; Lavandula Hybrida Oil; Ethylhexylglycerin; Glycerin; Macadamia Integrifolia Seed Oil; Elaeis Guineensis (Palm) Oil; Ceramide 3; Cholesterol; Phytosphingosine; Persea Gratissima (Avocado) Oil; Stearic Acid; Adansonia Digitata Seed Oil; Water; Tuber Magnatum Extract; 1,2-Hexanediol; Hyaluronic Acid; Hydrolyzed Hyaluronic Acid; Sodium Hyaluronate; Acetyl Hexapeptide-8; Caprylyl Glycol; Cyclopentasiloxane; Ethylhexyl Cocoate; Dimethiconol; Dimethylmethoxy Chromanyl Palmitate; Sodium Cocoyl Alaninate; Pseudoalteromonas Ferment Extract; Xanthan Gum; Proline; Alanine; Serine; Sodium Phosphate; Sodium Hydroxide; Palmitoyl Isoleucine; Palmitic Acid; Phytosphingosine; Olea Europaea (Olive) Fruit Oil; Hippophae Rhamnoides Oil; Persea Gratissima (Avocado) Oil; Phytosphingosine"
Rodan + Fields Redefine Overnight Restorative Cream,Rodan + Fields,INCIDecoder,https://www.incidecoder.com/products/rodan-fields-redefine-overnight-restorative-cream,,,,,,Water; Isododecane; Butylene Glycol; Glycerin; Caprylic/​Capric/​Myristic/​Stearic Triglyceride; Niacinamide; Beeswax; Gluconolactone; Cetearyl Alcohol; Dimethicone; Peg-100 Stearate; Glyceryl Stearate; Squalane; Phenoxyethanol; Polyacrylate-13; Sucrose Stearate; Cholesterol; Caprylic/​Capric Triglyceride; Polymethyl Methacrylate; Ammonium Acryloyldimethyltaurate/​Vp Copolymer; Polysilicone-11; Phospholipids; Hydrolyzed Sericin; Polyisobutene; Caprylyl Glycol; Chlorphenesin; Fragrance; Titanium Dioxide; Soy Isoflavones; Polysorbate 20; Tocopheryl Acetate; Tetrapeptide-21; Retinyl Palmitate; Ascorbic Acid; Hydrolyzed Silk; Sodium Hyaluronate; Humic Acids; Olea Europaea (Olive) Fruit Extract; Niacinamide; Soy Isoflavones; Tocopheryl Acetate; Ascorbic Acid; Niacinamide; Tetrapeptide-21; Retinyl Palmitate; Gluconolactone; Niacinamide; Ascorbic Acid; Olea Europaea (Olive) Fruit Extract; Glycerin
NYDG Formula 119 Cream,NYDG,INCIDecoder,https://www.incidecoder.com/products/nydg-formula-119-cream,,,,,,Water (Aqua); Glycerin; Dimethicone; Pentylene Glycol; PPG-3 Benzyl Ether Myristate; Phenyl Trimethicone; Isosorbide Dicaprylate; Butyrospermum Parkii (Shea) Oil; Cetearyl Alcohol; Trehalose; Dimethiconol; Glyceryl Stearate; PEG-100 Stearate; Polysorbate 60; Carbomer; Butylene Glycol; Phenoxyethanol; Dimethicone Crosspolymer-3; Chlorphenesin; Ceteth-10 Phosphate; Dicetyl Phosphate; Tocopherol; Hydrolyzed Algin; Lavandula Angustifolia (Lavender) Oil; Chondrus Crispus (Carrageenan) Extract; Sodium Benzoate; Chlorella Vulgaris Extract; Sodium Hydroxide; Potassium Sorbate; Ethylhexylglycerin; Sea Water (Maris Aqua); Disodium EDTA; Tetrahexyldecyl Ascorbate; Hydrolyzed Sodium Hyaluronate; Xanthan Gum; Oryza Sativa (Rice) Extract; Glucose; Salvia Officinalis (Sage) Oil; Palmitoyl Tripeptide-5; Tetradecyl Aminobutyroylvalylaminobutyric Urea Trifluoroacetate; Panax Ginseng Root Extract; Chamomilla Recutita (Matricaria) Flower Extract; Vitis Vinifera (Grape) Seed Extract; Ginkgo Biloba Leaf Extract; Camellia Oleifera Leaf Extract; Hydroxypropyl Cyclodextrin; Geranium Maculatum Oil; Sodium Hyaluronate; Palmitoyl Dipeptide-5 Diaminobutyroyl Hydroxythreonine; Palmitoyl Dipeptide-5 Diaminohydroxybutyrate
Boots No7 Line Correcting Booster Serum,Boots No7,INCIDecoder,https://www.incidecoder.com/products/no7-line-correcting-booster-serum,,,,,,Aqua (Water); Glycerin; Butylene Glycol; Aluminum Starch Octenylsuccinate; Polyacrylate Crosspolymer-6; Sorbitan Laurate; Phenoxyethanol; Sodium Lactate; Hydroxyethylcellulose; Carbomer; Caprylyl Glycol; Acetyl Dipeptide-1 Cetyl Ester; Polysorbate 20; Ethylhexylglycerin; Tetrasodium Edta; Potassium Hydroxide; T-Butyl Alcohol; Palmitoyl Tripeptide-1; Palmitoyl Tetrapeptide-7; Acetyl Dipeptide-1 Cetyl Ester; Palmitoyl Tripeptide-1; Palmitoyl Tetrapeptide-7; Glycerin; Acetyl Dipeptide-1 Cetyl Ester; Sodium Lactate; Potassium Hydroxide; Tetrasodium Edta; Caprylyl Glycol; Sorbitan Laurate; Polysorbate 20; Glycerin; Butylene Glycol; Sodium Lactate; Caprylyl Glycol; T-Butyl Alcohol; Phenoxyethanol; Ethylhexylglycerin; Aqua (Water); Butylene Glycol; T-Butyl Alcohol; Polysorbate 20; Aluminum Starch Octenylsuccinate; Polyacrylate Crosspolymer-6; Hydroxyethylcellulose; Carbomer; Aqua (Water); Glycerin; Butylene Glycol; Aluminum Starch Octenylsuccinate; Polyacrylate Crosspolymer-6
Clinique Moisture Surge Hydrating Supercharged Concentrate,Clinique,INCIDecoder,https://www.incidecoder.com/products/clinique-moisture-surge-hydrating-supercharged-concentrate,,,,,,Water\Aqua\Eau; Glycerin; Butylene Glycol; Phenyl Trimethicone; Propanediol; Sucrose; Hydroxyethyl Urea; Alteromonas Ferment Extract; Hydrolyzed Rice Extract; Acetyl Glucosamine; Trehalose; Algae Extract; Caffeine; Cholesterol; Aloe Barbadensis Leaf Water; Sodium Hyaluronate; Pentaerythrityl Tetraethylhexanoate; Dextrin Palmitate; Acrylates/​C10-30 Alkyl Acrylate Crosspolymer; Sorbitol; Sodium Polyaspartate; Tocopheryl Acetate; Carbomer; Dehydroxanthan Gum; Citric Acid; Tetrahexyldecyl Ascorbate; Benzophenone-4; Pentaerythrityl Tetra-Di-T-Butyl Hydroxyhydrocinnamate; Sodium Hydroxide; Sodium Citrate; Disodium EDTA; BHT; Chlorphenesin; Phenoxyethanol; Red 4 (Ci 14700); Yellow 5 (Ci 19140); Caffeine; Tocopheryl Acetate; Tetrahexyldecyl Ascorbate; Acetyl Glucosamine; Tetrahexyldecyl Ascorbate; Glycerin; Acetyl Glucosamine; Cholesterol; Sodium Hyaluronate; Sucrose; Alteromonas Ferment Extract; Benzophenone-4; Chlorphenesin; Pentaerythrityl Tetra-Di-T-Butyl Hydroxyhydrocinnamate
Drunk Elephant Protini™ Polypeptide Cream (Discontinued),Drunk Elephant,INCIDecoder,https://www.incidecoder.com/products/drunk-elephant-protini-tm-polypeptide-cream-discontinued,,,,,,"Water/​Aqua/​Eau; Dicaprylyl Carbonate; Glycerin; Cetearyl Alcohol; Cetearyl Olivate; Sorbitan Olivate; Sclerocarya Birrea Seed Oil; Bacillus/​Soybean/​ Folic Acid Ferment Extract; Nymphaea Alba Root Extract; Sh-Oligopeptide-1; Sh-Oligopeptide-2; Sh-Polypeptide-1; Sh-Polypeptide-9; Sh-Polypeptide-11; Copper Palmitoyl Heptapeptide-14; Heptapeptide-15 Palmitate; Palmitoyl Tetrapeptide-7; Palmitoyl Tripeptide-1; Alanine; Arginine; Glycine; Histidine; Isoleucine; Phenylalanine; Proline; Serine; Threonine; Valine; Acetyl Glutamine; Coconut Alkanes; Coco-Caprylate/​Caprate; Sodium Hyaluronate; Aspartic Acid; Linoleic Acid; Linolenic Acid; Lecithin; Butylene Glycol; Polyvinyl Alcohol; Sodium Lactate; Sodium Pca; Pca; Sorbitan Isostearate; Carbomer; Polysorbate 20; Polysorbate 60; Lactic Acid/​Glycolic Acid Copolymer; Hydroxyethyl Acrylate/​Sodium Acryloyldimethyl Taurate Copolymer; Xanthan Gum; Isomalt; 1,2-Hexanediol"
Missha BB Serum SPF 50+,Missha,INCIDecoder,https://www.incidecoder.com/products/missha-bb-serum-spf-50,,,,,,"Water; Cyclopentasiloxane; Zinc Oxide; Butylene Glycol; Homosalate; Titanium Dioxide; Caprylic/​Capric Triglyceride; Ethylhexyl Salicylate; PEG-10 Dimethicone; Niacinamide; Iron Oxides (Ci 77492); Cetyl PEG/​PPG-10/​1 Dimethicone; Magnesium Sulfate; Pentylene Glycol; Lactobacillus/​Punica Granatum Fruit Ferment Extract; Lactobacillus/​Soybean Ferment Extract; Oryza Sativa (Rice) Extract; Solanum Melongena (Eggplant) Fruit Extract; Daucus Carota Sativa (Carrot) Root Extract; Vaccinium Angustifolium (Blueberry) Fruit Extract; Beta Vulgaris (Beet) Root Extract; Brassica Oleracea Capitata (Cabbage) Leaf Extract; Citrus Aurantium Bergamia (Bergamot) Fruit Oil; Pelargonium Graveolens Flower Oil; Lavandula Angustifolia (Lavender) Oil; Citrus Aurantium Dulcis (Orange) Peel Oil; Anthemis Nobilis Flower Oil; Santalum Album (Sandalwood) Oil; Disteardimonium Hectorite; Stearic Acid; Aluminum Hydroxide; Synthetic Fluorphlogopite; Triethoxycaprylylsilane; Glyceryl Caprylate; Caprylyl Glycol; Ethylhexylglycerin; Alumina; Disodium Stearoyl Glutamate; Hectorite; Adenosine; Tocopherol; 1,2-Hexanediol; Bifida Ferment Lysate; Glycerin; Lactobacillus Ferment; Lactobacillus/​Acerola Cherry Ferment; Lactobacillus Ferment Lysate; Lactococcus Ferment; Lactococcus Ferment Lysate; Leuconostoc/​Radish Root Ferment Filtrate"
Tatcha Indigo Soothing Recovery Cream,Tatcha,INCIDecoder,https://www.incidecoder.com/products/tatcha-indigo-soothing-recovery-cream,,,,,,Colloidal Oatmeal (3%); Water; Squalane; Glycerin; Propanediol; Cyclopentasiloxane; Diisostearyl Malate; Oryza Sativa (Rice) Bran Wax; Xylitol; Behenyl Alcohol; Polygonum Tinctorium (Japanese Indigo) Leaf/​Stem Extract; Indigofera Tinctoria Leaf Extract; Avena Sativa (Oat Kernel) Extract; Camellia Sinensis (Green Tea) Leaf Extract; Cocos Nucifera (Coconut) Oil; Sophora Japonica Flower Extract; Prunus Lannesiana Flower Extract; Oryza Sativa (Rice) Germ Oil; Inositol (Rice Extract); Sericin (Silk Extract); Tetrasodium Tetracarboxymethyl Naringeninchalcone; Chondrus Crispus (Red Algae) Extract; Amorphophallus Konjac Root Powder; Sodium Hyaluronate; Dextrin; Sorbitan Tristearate; Trihydroxystearin; Dimethicone; Dimethicone/​Vinyl Dimethicone Crosspolymer; Beheneth­‐20; Bis-Diglyceryl Polyacyladipate-­2; Ethylhexylglycerin; Sodium Dilauramidoglutamide Lysine; Disodium Edta; Ethylhexyl Palmitate; Sodium Acrylate/​Acryloyldimethyltaurate/​Dimethylacrylamide Crosspolymer; Titanium Dioxide; Calcium Carbonate; Tin Oxide; Phenoxyethanol; Mica; Colloidal Oatmeal (3%); Avena Sativa (Oat Kernel) Extract; Camellia Sinensis (Green Tea) Leaf Extract; Squalane; Glycerin; Sodium Hyaluronate; Colloidal Oatmeal (3%); Avena Sativa (Oat Kernel) Extract; Camellia Sinensis (Green Tea) Leaf Extract
Votary Cleansing Oil – Rose Geranium And Apricot,Votary,INCIDecoder,https://www.incidecoder.com/products/votary-cleansing-oil-rose-geranium-and-apricot,,,,,,Helianthus Annuus (Sunflower) Seed Oil; Prunus Armeniaca (Apricot) Kernel Oil; Simmondsia Chinensis (Jojoba) Seed Oil; Vitis Vinifera (Grape) Seed Oil; Tocopherol; Pelargonium Graveolens (Rose Geranium) Flower Oil; Anthemis Nobilis (Chamomile) Flower Oil; Limonene*; Citronellol*; Geraniol*; Linalool*; Vitis Vinifera (Grape) Seed Oil; Tocopherol; Anthemis Nobilis (Chamomile) Flower Oil; Helianthus Annuus (Sunflower) Seed Oil; Prunus Armeniaca (Apricot) Kernel Oil; Simmondsia Chinensis (Jojoba) Seed Oil; Vitis Vinifera (Grape) Seed Oil; Pelargonium Graveolens (Rose Geranium) Flower Oil; Anthemis Nobilis (Chamomile) Flower Oil; Limonene*; Citronellol*; Geraniol*; Linalool*; Limonene*; Helianthus Annuus (Sunflower) Seed Oil; Prunus Armeniaca (Apricot) Kernel Oil; Simmondsia Chinensis (Jojoba) Seed Oil; Vitis Vinifera (Grape) Seed Oil; Tocopherol; Pelargonium Graveolens (Rose Geranium) Flower Oil; Anthemis Nobilis (Chamomile) Flower Oil; Limonene*; Citronellol*; Geraniol*; Linalool*; Helianthus Annuus (Sunflower) Seed Oil; Prunus Armeniaca (Apricot) Kernel Oil; Simmondsia Chinensis (Jojoba) Seed Oil; glycerin; Vitis Vinifera (Grape) Seed Oil; Tocopherol; Read all the geeky details about Tocopherol here >>; Pelargonium Graveolens (Rose Geranium) Flower Oil; citronellol; geraniol; Anthemis Nobilis (Chamomile) Flower Oil; German Chamomile; Limonene*; Citronellol*
Paula's Choice Defense Nightly Reconditioning Moisturizer,Paula's Choice,INCIDecoder,https://www.incidecoder.com/products/paulas-choice-defense-nightly-reconditioning-moisturizer,,,,,,Water; Glycerin; Ethylhexyl Palmitate; Hydroxyethyl Acrylate/​Sodium Acryloyldimethyl Taurate Copolymer; Isoamyl Laurate; Prunus Serotina Fruit Extract; Almond/​Borage/​Linseed/​Olive Acids/​Glycerides; Medicago Sativa Extract; Sesamum Indicum Seed Extract; Hydrolyzed Eruca Sativa Leaf; Sclerocarya Birrea Seed Oil; Hydrolyzed Algae Extract; Palmitoyl Hexapeptide-12; Palmitoyl Dipeptide-10; Sodium Hyaluronate; Ceramide Ng; Helianthus Annuus Seed Oil; Cocoyl Proline; Tocopherol; Allantoin; Trehalose; Eclipta Prostrata Extract; Potassium Azeloyl Diglycinate; Opuntia Ficus-Indica Stem Extract; Melia Azadirachta Leaf Extract; Leuconostoc/​Radish Root Ferment Filtrate; Moringa Oleifera Seed Oil; Alaria Esculenta Extract; Adenosine Phosphate; Peg-10 Phytosterol; Tribehenin; Hydrolyzed Vegetable Protein; Sorbitan Olivate; Sodium Gluconate; Zinc Gluconate; Copper Gluconate; Magnesium Aspartate; Cetearyl Olivate; Isoamyl Cocoate; Caprylic/​Capric Triglyceride; Polyglyceryl-10 Caprylate/​Caprate; Microcrystalline Cellulose; C12-15 Alkyl Benzoate; Xanthan Gum; Pentylene Glycol; Butylene Glycol; Sodium Citrate; Phenoxyethanol; Potassium Sorbate; Ethylhexylglycerin
Ahava Dark Spot Correcting Serum,Ahava,INCIDecoder,https://www.incidecoder.com/products/ahava-dark-spot-correcting-serum,,,,,,Aqua (Mineral Spring Water); Isopentyldiol; Cetearyl Ethylhexanoate; Propanediol (Corn Derived); C15-19 Alkane; Glycerin; Butylene Glycol; Aluminum Starch Octenylsuccinate; Phenoxyethanol; PEG-40 Hydrogenated Castor Oil; Polyacrylate Crosspolymer-6; Caesalpinia Spinosa Gum; Trideceth-9; Parfum (Fragrance); Hydroxycitronellal; Hexyl Cinnamal; Chlorphenesin; Lecithin; Ethyl Lauroyl Arginate Hcl; Propylene Glycol; Sodium Benzoate; Pentylene Glycol; Citric Acid; Potassium Sorbate; Evodia Rutaecarpa Fruit Extract; Ascorbic Acid; Hydrolyzed Yeast Protein; Allantoin; Lepidium Sativum Sprout Extract; Rumex Occidentalis Extract; Oligopeptide-4; Phoenix Dactylifera (Date) Fruit Extract; Dunaliella Salina (Dead Sea Alga) Extract; Maris Aqua (Dead Sea Water/​Osmoter); Ascorbic Acid; Ascorbic Acid; Glycerin; Allantoin; Rumex Occidentalis Extract; Chlorphenesin; Citric Acid; Ascorbic Acid; Isopentyldiol; Cetearyl Ethylhexanoate; C15-19 Alkane; Lecithin; Phoenix Dactylifera (Date) Fruit Extract; PEG-40 Hydrogenated Castor Oil; Trideceth-9; Lecithin
Just the Goods lightly foaming + exfoliating vegan face wash for,Just the Goods,EWG Skin Deep,https://www.ewg.org/skindeep/products/765582-Just_the_Goods_lightly_foaming__exfoliating_vegan_face_wash_for_oilycombination_skin/,,1/10,,1,,CITRIC ACID FUNCTION; CITRUS PARADISI (GRAPEFRUIT) OIL; GLYCERIN FUNCTION; JOJOBA ESTERS FUNCTION; KAOLIN FUNCTION; LINALOOL FUNCTION; MELALEUCA ALTERNIFOLIA (TEA TREE) LEAF OIL FUNCTION; POTASSIUM CITRATE FUNCTION; POTASSIUM COCOATE FUNCTION; POTASSIUM OLEATE FUNCTION; ROSMARINUS OFFICINALIS (ROSEMARY) LEAF OIL FUNCTION; WATER FUNCTION; Limonene
Honest Beauty Skin Sweep Exfoliating Powder Cleanser,Honest Beauty,EWG Skin Deep,https://www.ewg.org/skindeep/products/970204-Honest_Beauty_Skin_Sweep_Exfoliating_Powder_Cleanser/,,1/10,,1,,AVENA SATIVA (OAT) KERNEL FLOUR FUNCTION; CELLULOSE ACETATE FUNCTION; COCONUT FATTY ACID FUNCTION; DISODIUM COCOYL GLUTAMATE FUNCTION; GLUTAMIC ACID FUNCTION; KAOLIN FUNCTION; MAGNESIUM OXIDE FUNCTION; MICROCRYSTALLINE CELLULOSE FUNCTION; ORYZA SATIVA (RICE) STARCH FUNCTION; POPULUS TREMULOIDES BARK EXTRACT FUNCTION; SEA SALT FUNCTION; SILICA; AMORPHOUS FUNCTION; SODIUM CHLORIDE FUNCTION; SODIUM COCOYL ISETHIONATE FUNCTION; SODIUM ISETHIONATE FUNCTION; WATER FUNCTION
DrLOUIE Exfoliating Cleansing Cream,DrLouie,EWG Skin Deep,https://www.ewg.org/skindeep/products/353227-DrLouie_Exfoliating_Cleansing_Cream/,,1/10,,1,,ALLANTOIN FUNCTION; ARGININE FUNCTION; BISABOLOL FUNCTION; CAPRYLYL GLYCOL FUNCTION; GLYCERIN FUNCTION; GLYCERYL MONOSTEARATE FUNCTION; HYDROXYETHYLCELLULOSE FUNCTION; JOJOBA ESTERS FUNCTION; P-ANISIC ACID FUNCTION; PERSEA GRATISSIMA (AVOCADO) OIL FUNCTION; PHYLLANTHUS EMBLICA (INDIAN GOOSEBERRY) FRUIT EXTRACT FUNCTION; SIMMONDSIA CHINENSIS (JOJOBA) SEED OIL FUNCTION; SODIUM POLYACRYLATE FUNCTION; SODIUM STEAROYL GLUTAMATE FUNCTION; VITIS VINIFERA (GRAPE) SEED OIL FUNCTION; WATER FUNCTION
Be Green Bath & Body Green Tea Cleanser,Be Green Bath & Body,EWG Skin Deep,https://www.ewg.org/skindeep/products/727440-Be_Green_Bath__Body_Green_Tea_Cleanser/,,1/10,,1,,ALOE BARBADENSIS (ALOE VERA) FUNCTION; CALEDULA OFFICINALIS EXTRACT CAMELLIA SINENSIS (GREEN TEA) EXTRACT; GLYCERIN FUNCTION; HAMAMELIS VIRGINIANA; WITCH HAZEL; LEUCONOSTOC; RADISH ROOT FERMENT FILTRATE FUNCTION; OLEA EUROPAEA (OLIVE) OIL FUNCTION; ROSMARINUS OFFICINALIS (ROSEMARY) EXTRACT; SALIX ALBA (WHITE WILLOW) BARK EXTRACT FUNCTION; SIMMONDSIA CHINENSIS (JOJOBA) SEED OIL FUNCTION; WATER FUNCTION; Hydrogenated Coconut Oil
INNA ORGANIC Skin Purifying Cleansing Gel,Inna Organic,EWG Skin Deep,https://www.ewg.org/skindeep/products/9082195-Inna_Organic_Skin_Purifying_Cleansing_Gel/,,1/10,,1,,ALOE BARBADENSIS (ALOE VERA) LEAF JUICE; CITRIC ACID FUNCTION; COCO-GLUCOSIDE FUNCTION; DECYL GLUCOSIDE FUNCTION; GLYCERIN FUNCTION; GLYCERYL OLEATE FUNCTION; ROSMARINUS OFFICINALIS (ROSEMARY) LEAF OIL FUNCTION; SODIUM ANISATE; SODIUM DEHYDROACETATE FUNCTION; SODIUM LEVULINATE FUNCTION; WATER FUNCTION; XANTHAN GUM FUNCTION
Just the Goods Lightly Foaming Vegan Face Wash for Normal/Sensitive Skin,Just the Goods,EWG Skin Deep,https://www.ewg.org/skindeep/products/765576-Just_the_Goods_Lightly_Foaming_Vegan_Face_Wash_for_NormalSensitive_Skin/,,1/10,,1,,CITRAL FUNCTION; CITRIC ACID FUNCTION; CYMBOPOGON MARTINI OIL FUNCTION; FARNESOL FUNCTION; GERANIOL FUNCTION; GLYCERIN FUNCTION; KAOLIN FUNCTION; LINALOOL FUNCTION; POTASSIUM CITRATE FUNCTION; POTASSIUM COCOATE FUNCTION; POTASSIUM OLEATE FUNCTION; WATER FUNCTION
Shaklee YOUTH Luminous Gel Oil Cleanser,Shaklee,EWG Skin Deep,https://www.ewg.org/skindeep/products/1086103-Shaklee_YOUTH_Luminous_Gel_Oil_Cleanser/,,1/10,,1,,HEXANEDIOL FUNCTION; ACACIA DECURRENS EXTRACT FUNCTION; ACRYLATES; VINYL ISODECANOATE CROSSPOLYMER FUNCTION; C10-30 ALKYL ACRYLATE CROSSPOLYMER FUNCTION; BETA-GLUCAN FUNCTION; CANANGA ODORATA (YLANG YLANG) OIL FUNCTION; CAPRYLYL GLYCOL FUNCTION; CITRUS AURANTIUM BERGAMIA (BERGAMOT) FRUIT OIL FUNCTION; CITRUS LIMON (LEMON) PEEL OIL; CITRUS RETICULATA PEEL OIL FUNCTION; DECYL GLUCOSIDE FUNCTION; DIGLYCERIN FUNCTION; ELETTARIA CARDAMOMUM (CARDAMOM) SEED OIL FUNCTION; EUGENIA CARYOPHYLLUS (CLOVE) LEAF OIL FUNCTION; GLUCOSAMINE HCL FUNCTION; GLYCERIN FUNCTION; HEXYLENE GLYCOL FUNCTION; HYDROXYACETOPHENONE; LAMINARIA DIGITATA EXTRACT FUNCTION; MAGNESIUM ASCORBYL PHOSPHATE FUNCTION; METHYL GLUCETH-20; NIACINAMIDE FUNCTION; PERSEA GRATISSIMA (AVOCADO) OIL FUNCTION; PHENOXYETHANOL FUNCTION; POLYGLYCERYL-4 CAPRATE FUNCTION; POTASSIUM HYDROXIDE FUNCTION; POTASSIUM SORBATE FUNCTION; RETINYL PALMITATE (VITAMIN A PALMITATE) FUNCTION; SACCHAROMYCES; CEREVISIAE EXTRACT FUNCTION; SUPEROXIDE DISMUTASE FUNCTION; TOCOPHERYL ACETATE FUNCTION; UREA FUNCTION; VITIS ROTUNDIFOLIA (MUSCADINE GRAPE) FRUIT EXTRACT; VITIS VINIFERA (GRAPE) SEED EXTRACT FUNCTION; WATER FUNCTION
Estee Lauder Nutritious 2-in-1 Foam Cleanser,Estée Lauder,EWG Skin Deep,https://www.ewg.org/skindeep/products/1040033-Este_Lauder_Estee_Lauder_Nutritious_2in1_Foam_Cleanser/,,2/10,,2,,BEHENIC ACID FUNCTION; BUTYLENE GLYCOL FUNCTION; CAMELLIA SINENSIS (GREEN TEA) LEAF EXTRACT FUNCTION; CUCUMIS SATIVUS (CUCUMBER) FRUIT EXTRACT FUNCTION; DIPOTASSIUM GLYCYRRHIZATE FUNCTION; DISODIUM EDTA FUNCTION; GLYCERIN FUNCTION; GLYCOL DISTEARATE FUNCTION; HYDROLYZED RICE EXTRACT FUNCTION; LACTOBACILLUS FERMENT FUNCTION; LAMINARIA SACCHARINA EXTRACT FUNCTION; LAURIC ACID FUNCTION; MONTMORILLONITE FUNCTION; MYRISTIC ACID FUNCTION; NIACINAMIDE FUNCTION; PALMITIC ACID FUNCTION; PHENOXYETHANOL FUNCTION; POLYQUATERNIUM-7 FUNCTION; POTASSIUM HYDROXIDE FUNCTION; POTASSIUM SORBATE FUNCTION; PROPHYRIDIUM CRUENTUM EXTRACT FUNCTION; PUNICA GRANATUM (POMEGRANATE) EXTRACT FUNCTION; SODIUM BENZOATE FUNCTION; SODIUM HYALURONATE FUNCTION; SODIUM METHYL COCOYL TAURATE FUNCTION; SODIUM PHYTATE FUNCTION; STEARIC ACID FUNCTION; WATER FUNCTION; ZINC PCA FUNCTION
Just the Goods moisturizing & exfoliating vegan face wash for,Just the Goods,EWG Skin Deep,https://www.ewg.org/skindeep/products/765584-Just_the_Goods_moisturizing__exfoliating_vegan_face_wash_for_oilycombination_skin/,,1/10,,1,,BUTYROSPERMUM PARKII (SHEA) BUTTER FUNCTION; CITRIC ACID FUNCTION; CITRUS PARADISI (GRAPEFRUIT) OIL; GLYCERIN FUNCTION; JOJOBA ESTERS FUNCTION; KAOLIN FUNCTION; LINALOOL FUNCTION; MELALEUCA ALTERNIFOLIA (TEA TREE) LEAF OIL FUNCTION; POTASSIUM CITRATE FUNCTION; POTASSIUM COCOATE FUNCTION; POTASSIUM OLEATE FUNCTION; ROSMARINUS OFFICINALIS (ROSEMARY) LEAF OIL FUNCTION; WATER FUNCTION; Limonene
Glossier Milky Oil,Glossier,INCIDecoder,https://www.incidecoder.com/products/glossier-milky-oil,,,,,,Aqua/​Water/​Eau; Isohexadecane; PEG-40 Hydrogenated Castor Oil; Panthenol; Glycerin; PPG-26-Buteth-26; Symphytum Officinale Root Extract; Sodium Benzoate; Disodium EDTA; Citric Acid; Sodium Chloride; Glycerin; Panthenol; Symphytum Officinale Root Extract; Citric Acid; Disodium EDTA; Isohexadecane; PEG-40 Hydrogenated Castor Oil; Panthenol; Glycerin; Sodium Benzoate; Aqua/​Water/​Eau; Isohexadecane; PEG-40 Hydrogenated Castor Oil; Sodium Chloride; Aqua/Water/Eau; Isohexadecane; PEG-40 Hydrogenated Castor Oil; Panthenol; Glycerin; PPG-26-Buteth-26; Symphytum Officinale Root Extract; Sodium Benzoate; Disodium EDTA; Citric Acid; Sodium Chloride; Aqua/​Water/​Eau; Isohexadecane; PEG-40 Hydrogenated Castor Oil; Panthenol; Glycerin; Read all the geeky details about Glycerin here >>; PPG-26-Buteth-26; PEG-40 Hydrogenated Castor Oil; Symphytum Officinale Root Extract; allantoin; Sodium Benzoate; potassium sorbate; Disodium EDTA; Citric Acid
The Ordinary Natural Moisturizing Factors + Ha,The Ordinary,INCIDecoder,https://www.incidecoder.com/products/the-ordinary-natural-moisturizing-factors-ha,,,,,,Aqua (Water); Caprylic/​Capric Triglyceride; Cetyl Alcohol; Propanediol; Stearyl Alcohol; Glycerin; Sodium Hyaluronate; Arginine; Aspartic Acid; Glycine; Alanine; Serine; Valine; Isoleucine; Proline; Threonine; Histidine; Phenylalanine; Glucose; Maltose; Fructose; Trehalose; Sodium PCA; PCA; Sodium Lactate; Urea; Allantoin; Linoleic Acid; Oleic Acid; Phytosteryl Canola Glycerides; Palmitic Acid; Stearic Acid; Lecithin; Triolein; Tocopherol; Carbomer; Isoceteth-20; Polysorbate 60; Sodium Chloride; Citric Acid; Trisodium Ethylenediamine Disuccinate; Pentylene Glycol; Triethanolamine; Sodium Hydroxide; Phenoxyethanol; Chlorphenesin.; Tocopherol; Glycerin; Sodium Hyaluronate; Arginine
Beauty Pie Super Retinol Ceramide-Boost Anti-Aging Face Serum (Discontinued),Beauty Pie,INCIDecoder,https://www.incidecoder.com/products/beauty-pie-super-retinol-ceramide-boost-anti-aging-face-serum,,,,,,Aqua (Water); Dimethicone; Glycerin; Butylene Glycol; Dipentaerythrityl Hexacaprylate/​Hexacaprate; Dimethicone/​Vinyl Dimethicone Crosspolymer; Hydroxyethyl Acrylate/​Sodium Acryloyldimethyl Taurate Copolymer; Glycine Soja (Soybean) Oil; Lauroyl Lysine; Peg-8; Phenoxyethanol; Squalane; Glycine Soja (Soybean) Seed Extract; Polysorbate 60; Acrylates/​C10-30 Alkyl Acrylate Crosspolymer; Caprylyl Glycol; Polyurethane Crosspolymer-1; Chlorphenesin; Polysorbate 20; Sodium Hydroxide; Disodium Edta; Lactic Acid; Retinol; Olive Glycerides; Sodium Hyaluronate; Opuntia Ficus-Indica Stem Extract; Opuntia Ficus-Indica Callus Culture Extract; Sorbitan Isostearate; Ceramide Np; Glyceryl Caprylate; Phenylpropanol; Glycine Soja (Soybean) Seed Extract; Opuntia Ficus-Indica Callus Culture Extract; Retinol; Lactic Acid; Glycine Soja (Soybean) Seed Extract; Glycerin; Squalane; Sodium Hyaluronate; Ceramide Np; Glycine Soja (Soybean) Seed Extract; Opuntia Ficus-Indica Stem Extract; Chlorphenesin; Sodium Hydroxide; Lactic Acid; Disodium Edta; Dimethicone; Dipentaerythrityl Hexacaprylate/​Hexacaprate; Glycine Soja (Soybean) Oil; Squalane
Charlotte Tilbury Charlotte'S Magic Cream (Discontinued),Charlotte Tilbury,INCIDecoder,https://www.incidecoder.com/products/charlotte-tilbury-charlottes-magic-cream-discontinued,,,,,,Water (Aqua); Homosalate; Glyceryl Stearate Se; Ethylhexyl Salicylate; Butylene Glycol; Glycerin; Butyl Methoxydibenzoylmethane; Octocrylene; Cetyl Alcohol; C12-15 Alkyl Benzoate; Cyclopentasiloxane; Dimethicone; Phenoxyethanol; Butyrospermum Parkii (Shea) Butter; Steareth-21; Avena Sativa (Oat) Kernel Extract; Carbomer; Dimethiconol; Potassium Cetyl Phosphate; Chlorphenesin; Caprylyl Glycol; Xanthan Gum; Hydrolyzed Viola Tricolor Extract; Allantoin; Aloe Barbadensis Leaf Juice; Disodium Edta; Tocopheryl Acetate; Camellia Oleifera Seed Oil; Rosa Canina Fruit Oil; Rosa Damascena Flower Water; Sodium Hydroxide; Helianthus Annuus (Sunflower) Seed Oil; Michelia Alba Leaf Oil; Sodium Lactate; Coco-Glucoside; Peg-8; Ethylhexylglycerin; Sodium Hyaluronate; Tocopherol; Palmitoyl Oligopeptide; Palmitoyl Tetrapeptide-7; Ascorbyl Palmitate; Plumeria Rubra Flower Extract; Ascorbic Acid; Citric Acid; Nicotiana Sylvestris Leaf Cell Culture; Linalool; Citronellol; Geraniol; Avena Sativa (Oat) Kernel Extract
Hylamide High-Efficiency Face Cleaner,Hylamide,INCIDecoder,https://www.incidecoder.com/products/deciem-hylamide-cleanser,,,,,,Cetyl Ethylhexanoate; PEG-20 Glyceryl Triisostearate; Bisabolol; Oenocarpus Bataua Fruit Oil; Bertholletia Excelsa Seed Oil; Plukenetia Volubilis Seed Oil; Crambe Abyssinica Seed Oil; Simmondsia Chinensis Seed Oil; Solanum Lycopersicum (Tomato) Fruit Extract; Pongamia Pinnata (Karanja) Seed Oil; Squalane; Ethylhexyl Stearate; Tocopherol; Phenoxyethanol; Chlorphenesin; Plukenetia Volubilis Seed Oil; Solanum Lycopersicum (Tomato) Fruit Extract; Tocopherol; Squalane; Bisabolol; Chlorphenesin; Cetyl Ethylhexanoate; PEG-20 Glyceryl Triisostearate; Oenocarpus Bataua Fruit Oil; Bertholletia Excelsa Seed Oil; Plukenetia Volubilis Seed Oil; Crambe Abyssinica Seed Oil; Simmondsia Chinensis Seed Oil; Squalane; Ethylhexyl Stearate; PEG-20 Glyceryl Triisostearate; Oenocarpus Bataua Fruit Oil; Plukenetia Volubilis Seed Oil; Pongamia Pinnata (Karanja) Seed Oil; Phenoxyethanol; Chlorphenesin; Cetyl Ethylhexanoate; PEG-20 Glyceryl Triisostearate; Bisabolol; Oenocarpus Bataua Fruit Oil; Bertholletia Excelsa Seed Oil; Plukenetia Volubilis Seed Oil; Crambe Abyssinica Seed Oil; Simmondsia Chinensis Seed Oil; Solanum Lycopersicum (Tomato) Fruit Extract; Pongamia Pinnata (Karanja) Seed Oil; Squalane; Ethylhexyl Stearate; Tocopherol; Phenoxyethanol
Belif The True Cream - Aqua Bomb,Belif,INCIDecoder,https://www.incidecoder.com/products/belif-aqua-bomb,,,,,,"Water; Dipropylene Glycol; Glycerin; Methyl Trimethicone; Alcohol Denat; Dimethicone; Cyclopentasiloxane; 1,2-Hexanediol; Malachite Extract; Caprylic/​Capric Triglyceride; Pentaerythrityl Tetraethylhexanoate; Peg/​Ppg/​Polybutylene Glycol-8/​5/​3 Glycerin; Alchemilla Vulgaris Leaf Extract*; Equisetum Arvense Leaf Extract*; Stellaria Media (Chickweed) Extract*; Urtica Dioica (Nettle) Leaf Extract*; Plantago Lanceolata Leaf Extract*; Avena Sativa (Oat) Kernel Extract**; Calendula Officinalis Flower Extract**; Nepeta Cataria Extract**; Rubus Idaeus (Raspberry) Leaf Extract**; Baptisia Tinctoria Root Extract**; Dimethiconol; Polymethylsilsesquioxane; Sodium Acrylate/​Acryloyldimethyltaurate/​Dimethylacrylamide Crosspolymer; Isohexadecane; Polysorbate 60; Ceramide 3; Cholesterol; Butyrospermum Parkii (Shea) Butter; Phenyl Trimethicone; Pentaerythrityl Tetraisostearate; Panthenol; Squalane; Triethylhexanoin; Macadamia Ternifolia Seed Oil; Peg-150; Peg-40 Hydrogenated Castor Oil; Acrylates/​C10-30 Alkyl Acrylate Crosspolymer; C14-22 Alcohols; Arachidyl Glucoside; Hydrogenated Lecithin; Peg-100 Stearate; Stearic Acid; Glyceryl Stearate; Carbomer; Tromethamine; Trisodium Edta; Fragrance+; Citronellol"
Peter Thomas Roth Peptide 21 Wrinkle Resist Serum,Peter Thomas Roth,INCIDecoder,https://www.incidecoder.com/products/peter-thomas-roth-peptide-21-wrinkle-resist-serum,,,,,,Water/​Aqua/​Eau; Glycerin; Rosa Centifolia Flower Water; Isopropyl Myristate; Squalane; Mannitol; Butylene Glycol; Natto Gum; Tripeptide-10 Citrulline; Acetyl Octapeptide-3; Palmitoyl Hexapeptide-12; Acetyl Tetrapeptide-11; Acetyl Hexapeptide-8; Acetyl Hexapeptide-1; Palmitoyl Oligopeptide; Acetyl Tetrapeptide-9; Acetyl Tetrapeptide-2; Tripeptide-1; Palmitoyl Tetrapeptide-7; Hexapeptide-11; Dipeptide Diaminobutyroyl Benzylamide Diacetate; Palmitoyl Tripeptide-5; Trifluoroacetyl Tripeptide-2; Palmitoyl Tripeptide-1; Sodium Polyglutamate; Sodium Hyaluronate; Tocopheryl Acetate; Retinyl Palmitate; Ascorbic Acid; Hydrolyzed Soy Protein; Hydrolyzed Wheat Protein; Lecithin; Pseudoalteromonas Ferment Extract; Acrylates Copolymer; Magnesium Chloride; Polysorbate 20; Dimethyl Isosorbide; Acrylates/​C10-30 Alkyl Acrylate Crosspolymer; Leuconostoc/​Radish Root Ferment Filtrate; PEG-8 Dimethicone; Disodium Phosphate; Carbomer; Dextran; Sodium Lactate; Tetradecyl Aminobutyroylvalylaminobutyric Urea Trifluoroacetate; Xanthan Gum; Triethanolamine; Sodium Phosphate; Octyldodecanol; Silica
Indie Lee Swiss Apple Facial Serum,Indie Lee,INCIDecoder,https://www.incidecoder.com/products/indie-lee-swiss-apple-facial-serum,,,,,,Seaweed Extract; Purified Water; Hyaluronic Acid; Malus Domestica Fruit Cell Culture; Xanthan Gum; Lecithin; Phenoxyethanol; Ethylhexylglycerin; Hyaluronic Acid; Lecithin; Lecithin; Seaweed Extract; Hyaluronic Acid; Phenoxyethanol; Ethylhexylglycerin; Purified Water; Seaweed Extract; Xanthan Gum; Seaweed Extract; Purified Water; Hyaluronic Acid; Malus Domestica Fruit Cell Culture; Xanthan Gum; Lecithin; Phenoxyethanol; Ethylhexylglycerin; Seaweed Extract; Purified Water; Hyaluronic Acid; Read all the geeky details about Hyaluronic Acid here >>; Malus Domestica Fruit Cell Culture; Xanthan Gum; glucose; sucrose; Lecithin; Phenoxyethanol; Ethylhexylglycerin; phenoxyethanol; [more]; [more]; [more]; [more]; [more]; [more]; [more]; [more]
Peter Thomas Roth Retinol Fusion Pm Moisturizer,Peter Thomas Roth,INCIDecoder,https://www.incidecoder.com/products/peter-thomas-roth-retinol-fusion-pm-moisturizer,,,,,,Water/​Aqua/​Eau; Glyceryl Stearate; C12-15 Alkyl Benzoate; Dipropylene Glycol; Isocetyl Stearate; Butyrospermum Parkii Butter; Persea Gratissima (Avocado) Oil; Panthenol; Caprylyl Methicone; Cetyl Alcohol; Propylene Glycol Stearate; Dimethicone; Tocopheryl Acetate; Aloe Barbadensis Leaf Juice; Retinol; Sodium Hyaluronate; Allantoin; Colloidal Oatmeal; Ceramide Np; Tocopherol; Bisabolol; Glycoproteins; Glycerin; Threonine; Valine; Glycine Soja (Soybean) Extract; Helianthus Annuus (Sunflower) Seed Extract; Cucumis Sativus (Cucumber) Fruit Extract; Hordeum Vulgare Extract; Lecithin; Hydrogenated Lecithin; Propylene Glycol Dicaprate; Glutamic Acid; Ethylhexylglycerin; Sodium Metabisulfite; Peg-100 Stearate; Caprylic/​Capric Triglyceride; Stearoxytrimethylsilane; Stearyl Alcohol; Sodium Ascorbate; Xanthan Gum; Disodium Phosphate; Sodium Phosphate; Polysorbate 20; Stearic Acid; Peg-40 Hydrogenated Castor Oil; Citric Acid; Potassium Phosphate; Disodium Edta; Mica
Be Natural Organics Squalane Serum Light,Be Natural Organics,EWG Skin Deep,https://www.ewg.org/skindeep/products/942885-Be_Natural_Organics_Squalane_Serum_Light/,,1/10,,1,,
Cliganic 100% Pure & Natural Neem Oil,Cliganic,EWG Skin Deep,https://www.ewg.org/skindeep/products/1002924-Cliganic_100_Pure__Natural_Neem_Oil/,,100/10,,100,,Apply; Cliganic Organic Neem Oil; Rub; Use; Cliganic Organic Neem
"Everyone Nourishing Lotion, Citrus + Mint",Everyone,EWG Skin Deep,https://www.ewg.org/skindeep/products/835166-Everyone_Nourishing_Lotion_Citrus__Mint/,,1/10,,1,,ALOE BARBADENSIS LEAF WATER FUNCTION; BENZYL ALCOHOL FUNCTION; CALENDULA OFFICINALIS (POT MARIGOLD) FLOWER EXTRACT FUNCTION; CAMELLIA SINENSIS (GREEN TEA) LEAF EXTRACT FUNCTION; CAPRYLIC; CAPRIC TRIGLYCERIDE FUNCTION; CETEARYL GLUCOSIDE FUNCTION; CETYL ALCOHOL FUNCTION; CETYL ESTERS FUNCTION; CHAMOMILLA RECUTITA (MATRICARIA) FLOWER EXTRACT FUNCTION; CITRIC ACID FUNCTION; CITRUS AURANTIUM DULCIS (ORANGE) PEEL OIL; COCOS NUCIFERA (COCONUT) OIL FUNCTION; DIMETHICONE FUNCTION; GLYCERIN FUNCTION; GLYCERYL MONOSTEARATE FUNCTION; HYDROLYZED RICE PROTEIN FUNCTION; LECITHIN FUNCTION; MENTHA PIPERITA (PEPPERMINT) OIL FUNCTION; PHENOXYETHANOL FUNCTION; POTASSIUM SORBATE FUNCTION; SESAMUM INDICUM (SESAME) OIL FUNCTION; SODIUM PHYTATE FUNCTION; SORBITAN OLIVATE FUNCTION; STEARYL ALCOHOL FUNCTION; TOCOPHEROL FUNCTION; WATER FUNCTION; XANTHAN GUM FUNCTION
isoi Never Drying Ultimate Oil (Black Label),isoi,EWG Skin Deep,https://www.ewg.org/skindeep/products/722331-isoi_Never_Drying_Ultimate_Oil_Black_Label/,,1/10,,1,,BORAGO OFFICINALIS (BORAGE) SEED OIL FUNCTION; CAMELLIA JAPONICA SEED OIL FUNCTION; CENTELLA ASIATICA (GOTU KOLA) EXTRACT FUNCTION; CHAMOMILLA RECUTITA (MATRICARIA) EXTRACT FUNCTION; GLYCYRRHIZA GLABRA (LICORICE) ROOT EXTRACT FUNCTION; HIPPOPHAE RHAMNOIDES (SEA BUCKTHORN) OIL FUNCTION; MACADAMIA TERNIFOLIA SEED OIL FUNCTION; MELALEUCA VIRIDIFLORA (NIAOULI) LEAF OIL FUNCTION; OLEA EUROPAEA (OLIVE) OIL FUNCTION; PLEUROTUS CYSTIDIOSUS FERMENT FILTRATE FUNCTION; PRUNUS ARMENIACA (APRICOT) OIL ROSA DAMASCENA; ROSE; FLOWER OIL; ROSMARINUS OFFICINALIS (ROSEMARY) LEAF EXTRACT FUNCTION; SIMMONDSIA CHINENSIS (JOJOBA) SEED OIL FUNCTION; TOCOPHEROL FUNCTION; VITIS VINIFERA (GRAPE) SEED OIL FUNCTION
"isoi Face Oil, for a Fresh and Dewy Glow",isoi,EWG Skin Deep,https://www.ewg.org/skindeep/products/766683-isoi_Face_Oil_for_a_Fresh_and_Dewy_Glow/,,1/10,,1,,ARGANIA SPINOSA (ARGAN) KERNEL OIL FUNCTION; CAMELLIA JAPONICA SEED OIL FUNCTION; CENTELLA ASIATICA (GOTU KOLA) EXTRACT FUNCTION; CHAMOMILLA RECUTITA (MATRICARIA) EXTRACT FUNCTION; CORYLUS AMERICANA (AMERICAN HAZEL) SEED OIL FUNCTION; GLYCYRRHIZA GLABRA (LICORICE) ROOT EXTRACT FUNCTION; HIPPOPHAE RHAMNOIDES (SEA BUCKTHORN) OIL FUNCTION; MACADAMIA TERNIFOLIA SEED OIL FUNCTION; MELALEUCA VIRIDIFLORA (NIAOULI) LEAF OIL FUNCTION; OLEA EUROPAEA (OLIVE) OIL FUNCTION; PLEUROTUS CYSTIDIOSUS FERMENT FILTRATE FUNCTION; ROSMARINUS OFFICINALIS (ROSEMARY) LEAF EXTRACT FUNCTION; SIMMONDSIA CHINENSIS (JOJOBA) SEED OIL FUNCTION; TOCOPHEROL FUNCTION; VITIS VINIFERA (GRAPE) SEED OIL FUNCTION
Sally B's Skin Yummies Daytime Antioxidant Serum,Sally B's Skin Yummies,EWG Skin Deep,https://www.ewg.org/skindeep/products/514904-Sally_Bs_Skin_Yummies_Daytime_Antioxidant_Serum/,,1/10,,1,,ALOE BARBADENSIS (ALOE VERA) LEAF JUICE; CALENDULA OFFICINALIS (POT MARIGOLD) FLOWER EXTRACT FUNCTION; CAMELLIA SINENSIS (GREEN TEA) LEAF EXTRACT FUNCTION; CAPRYLIC; CAPRIC TRIGLYCERIDE FUNCTION; CITRUS AURANTIUM DULCIS (ORANGE) OIL FUNCTION; HAMAMELIS VIRGINIANA (WITCH HAZEL) WATER FUNCTION; HELICHRYSUM STOECHAS EXTRACT FUNCTION; LECITHIN FUNCTION; LEUCONOSTOC; RADISH ROOT FERMENT FILTRATE FUNCTION; NIGELLA SATIVA (BLACK CUMIN) SEED OIL FUNCTION; OLEA EUROPAEA (OLIVE) LEAF EXTRACT FUNCTION; PELAGONIUM GRAVEOLENS OIL; POTASSIUM SORBATE FUNCTION; ROSA DAMASCENA FLOWER WATER FUNCTION; SODIUM HYALURONATE FUNCTION; TOCOPHEROL FUNCTION; XANTHAN GUM FUNCTION
isoi Bulgarian Rose Moisture Tonic Essence,isoi,EWG Skin Deep,https://www.ewg.org/skindeep/products/664986-isoi_Bulgarian_Rose_Moisture_Tonic_Essence/,,1/10,,1,,BETAINE FUNCTION; GLYCERIN FUNCTION; GLYCYRRHIZA GLABRA (LICORICE) ROOT EXTRACT FUNCTION; OLEA EUROPAEA (OLIVE) LEAF EXTRACT FUNCTION; PAEONIA SUFFRUTICOSA (MOUTAN) ROOT EXTRACT FUNCTION; PRUNELLA VULGARIS LEAF EXTRACT FUNCTION; RHUS SEMIALATA EXTRACT FUNCTION; ROSA DAMASCENA (ROSE) FLOWER OIL; ROSA DAMASCENA FLOWER WATER FUNCTION; SCUTELLARIA BAICALENSIS (BAIKAL SKULLCAP) ROOT EXTRACT FUNCTION; SOPHORA JAPONICA BUD EXTRACT FUNCTION; WATER FUNCTION
Vermont Skincare Company Moisturizer 6 (M6),Vermont Skincare Company,EWG Skin Deep,https://www.ewg.org/skindeep/products/770582-Vermont_Skincare_Company_Moisturizer_6_M6/,,6/10,,6,,BOSWELLIA CARTERI (FRANKINCENSE) OIL FUNCTION; BUTYROSPERMUM PARKII (SHEA) BUTTER FUNCTION; CANANGA ODORATA (YLANG YLANG) OIL FUNCTION; COCOS NUCIFERA (COCONUT) OIL FUNCTION; PELAGONIUM GRAVEOLENS OIL; PRUNUS AMYGDALUS DULCIS (SWEET ALMOND) OIL FUNCTION; RICINUS COMMUNIS (CASTOR) SEED OIL FUNCTION; SIMMONDSIA CHINENSIS (JOJOBA) SEED OIL FUNCTION
